{
  "version": "v3",
  "n_datasets": 5,
  "datasets": [
    {
      "name": "SLAC Laccase",
      "enzyme": "Small laccase (S. coelicolor)",
      "source": "EnzymeML/DaRUS DOI:10.18419/darus-2096",
      "expected": "michaelis_menten_irreversible",
      "n_traces": 50,
      "tactic": {
        "predicted": "michaelis_menten_irreversible",
        "confidence": 0.9766407608985901,
        "correct": true,
        "elapsed_ms": 3636.3833025097847,
        "all_probs": {
          "michaelis_menten_irreversible": 0.9766407608985901,
          "michaelis_menten_reversible": 0.006374664604663849,
          "competitive_inhibition": 0.0004104370891582221,
          "uncompetitive_inhibition": 0.0007601900724694133,
          "mixed_inhibition": 0.0005299620679579675,
          "substrate_inhibition": 0.012624605558812618,
          "ordered_bi_bi": 0.0009410470956936479,
          "random_bi_bi": 0.0013134180335327983,
          "ping_pong": 0.00038929173024371266,
          "product_inhibition": 1.5599969628965482e-05
        }
      },
      "classical": {
        "predicted": "substrate_inhibition",
        "correct": false,
        "elapsed_s": 7.013556234538555
      },
      "speedup": 1.9287175336268565
    },
    {
      "name": "ICEKAT SIRT1",
      "enzyme": "SIRT1 deacetylase",
      "source": "github.com/SmithLabMCW/icekat",
      "expected": "michaelis_menten_irreversible",
      "n_traces": 8,
      "tactic": {
        "predicted": "michaelis_menten_irreversible",
        "confidence": 0.9618444442749023,
        "correct": true,
        "elapsed_ms": 3458.0739215016365,
        "all_probs": {
          "michaelis_menten_irreversible": 0.9618444442749023,
          "michaelis_menten_reversible": 0.011677074246108532,
          "competitive_inhibition": 0.0005753810401074588,
          "uncompetitive_inhibition": 0.0006999712204560637,
          "mixed_inhibition": 0.0013380625750869513,
          "substrate_inhibition": 0.019059190526604652,
          "ordered_bi_bi": 0.001526884501799941,
          "random_bi_bi": 0.0023617835249751806,
          "ping_pong": 0.0008928902680054307,
          "product_inhibition": 2.432148357911501e-05
        }
      },
      "classical": {
        "predicted": "michaelis_menten_irreversible",
        "correct": true,
        "elapsed_s": 1.8777201101183891
      },
      "speedup": 0.5429959430430586
    },
    {
      "name": "ABTS Laccase (T. pubescens)",
      "enzyme": "Laccase 2 (Trametes pubescens)",
      "source": "EnzymeML/Lauterbach_2022 Scenario 4",
      "expected": "michaelis_menten_irreversible",
      "n_traces": 9,
      "tactic": {
        "predicted": "michaelis_menten_irreversible",
        "confidence": 0.9647539258003235,
        "correct": true,
        "elapsed_ms": 3538.1976142525673,
        "all_probs": {
          "michaelis_menten_irreversible": 0.9647539258003235,
          "michaelis_menten_reversible": 0.007688813377171755,
          "competitive_inhibition": 0.0004791818209923804,
          "uncompetitive_inhibition": 0.0009150592959485948,
          "mixed_inhibition": 0.0012509649386629462,
          "substrate_inhibition": 0.020119577646255493,
          "ordered_bi_bi": 0.0014024621341377497,
          "random_bi_bi": 0.0023059931118041277,
          "ping_pong": 0.0010602106340229511,
          "product_inhibition": 2.357741686864756e-05
        }
      },
      "classical": {
        "predicted": "michaelis_menten_reversible",
        "correct": false,
        "elapsed_s": 6.432683855295181
      },
      "speedup": 1.8180679986281842
    },
    {
      "name": "Cephalexin Synthesis (AEH)",
      "enzyme": "\u03b1-Amino Ester Hydrolase (X. campestris)",
      "source": "Lagerman et al. (2021) / EnzymeML Scenario 5",
      "expected": "ping_pong",
      "n_traces": 8,
      "tactic": {
        "predicted": "random_bi_bi",
        "confidence": 0.4003293514251709,
        "correct": false,
        "elapsed_ms": 3120.0621649622917,
        "all_probs": {
          "michaelis_menten_irreversible": 8.957429599831812e-06,
          "michaelis_menten_reversible": 0.0002481280534993857,
          "competitive_inhibition": 0.00020627665799111128,
          "uncompetitive_inhibition": 0.00021103689505252987,
          "mixed_inhibition": 0.0004066692490596324,
          "substrate_inhibition": 8.021241228561848e-05,
          "ordered_bi_bi": 0.2831054627895355,
          "random_bi_bi": 0.4003293514251709,
          "ping_pong": 0.31537437438964844,
          "product_inhibition": 2.953203147626482e-05
        }
      },
      "classical": {
        "predicted": "substrate_inhibition",
        "correct": false,
        "elapsed_s": 14.387713491916656
      },
      "speedup": 4.611354752314861
    },
    {
      "name": "Cysteine Desulfurase (IscS)",
      "enzyme": "IscS cysteine desulfurase",
      "source": "Pinto et al. / EnzymeML Scenario 1",
      "expected": "michaelis_menten_irreversible",
      "n_traces": 6,
      "tactic": {
        "predicted": "michaelis_menten_irreversible",
        "confidence": 0.9647599458694458,
        "correct": true,
        "elapsed_ms": 3410.727418959141,
        "all_probs": {
          "michaelis_menten_irreversible": 0.9647599458694458,
          "michaelis_menten_reversible": 0.005427004769444466,
          "competitive_inhibition": 0.0005694556166417897,
          "uncompetitive_inhibition": 0.0009470634395256639,
          "mixed_inhibition": 0.0015113188419491053,
          "substrate_inhibition": 0.020483432337641716,
          "ordered_bi_bi": 0.0016312649240717292,
          "random_bi_bi": 0.003149510594084859,
          "ping_pong": 0.0015025108586996794,
          "product_inhibition": 1.8494527466828004e-05
        }
      },
      "classical": {
        "predicted": "substrate_inhibition",
        "correct": false,
        "elapsed_s": 1.031192272901535
      },
      "speedup": 0.30233793154195426
    }
  ],
  "summary": {
    "tactic_correct": 4,
    "classical_correct": 1,
    "total": 5,
    "tactic_avg_ms": 3432.688884437084,
    "classical_avg_s": 6.148573192954063,
    "overall_speedup": 1.7911827724411875
  }
}